title,link,snippet
中共中央办公厅国务院办公厅印发《深化科技体制改革实施方案》_文件,https://www.gov.cn/guowuyuan/2015-09/24/content_2938314.htm,"Sep 24, 2015 ... 落实落地。坚持科技体制改革的目标和方向，统筹衔接当前和长远举措，把握节奏，分步实施，增强改革的有序性。明确部门分工，强化责任担当，注重可操作、可考核、 ..."
国家科技创新政策汇编,http://kjt.fujian.gov.cn/xxgk/zcwj/202305/P020230505569630767918.pdf,"May 30, 2023 ... ... 科技体制改革加快国家创新体系建设的意见》和中共中央办. 公厅、国务院办公厅印发的《深化科技体制改革实施方案》关于科研. 机构章程制定的要求，推动 ..."
中共中央国务院关于深化科技体制改革加快国家创新体系建设的意见 ...,https://www.gov.cn/gongbao/content/2012/content_2238927.htm,"Sep 23, 2012 ... 加快建立企业为主体、市场为导向、产学研用紧密结合的技术创新体系。充分发挥企业在技术创新决策、研发投入、科研组织和成果转化中的主体作用，吸纳企业 ..."
科技发展计划（项目）管理,http://kjt.jl.gov.cn/bsfw/kjjhxmsb/201605/t20160503_2256110.html,"May 3, 2016 ... 吉林省科技发展计划是省政府为加快提高我省自主创新能力，促进科技成果转化与产业化，充分发挥科技对经济社会发展的支撑引领作用设立的，支持和引导全省 ..."
如何深化科技体制改革（政策问答·推进高水平科技自立自强）_政策 ...,https://www.gov.cn/zhengce/202404/content_6946392.htm,"Apr 20, 2024 ... 扎实推进高质量发展，必须继续做好创新这篇大文章。推进高水平科技自立自强，迫切需要建立与此相适应的科技创新体制机制，以深化改革进一步激发科技创新 ..."
中国人民银行印发《金融科技发展规划（2022-2025年）》,http://www.pbc.gov.cn/goutongjiaoliu/113456/113469/4438627/index.html,"Jan 4, 2022 ... 《规划》提出八个方面的重点任务。一是强化金融科技治理，全面塑造数字化能力，健全多方参与、协同共治的金融科技伦理规范体系，构建互促共进的数字生态。二 ..."
提升国家创新体系整体效能－国务院国有资产监督管理委员会,http://www.sasac.gov.cn/n2588025/n2588134/c30810594/content.html,"May 21, 2024 ... 提升国家创新体系整体效能，在资源配置、基础设施、科研平台、政策法规、技术标准、创新生态、科技人才等方面夯实基础，有利于打通束缚新质生产力发展的堵点 ..."
中国与肯尼亚签署政府间科技合作协定-中华人民共和国科学技术部,https://www.most.gov.cn/kjbgz/202504/t20250424_193474.html,"Apr 24, 2025 ... 这是我国签署的第119个政府间科技合作协定。双方将据此提升两国科技创新合作关系，在联合研究、科研人员交流、科技培训等领域开展合作，促进中肯科技 ..."
关于我国产学研结合的现状与思考,https://www.nsfc.gov.cn/csc/20345/20348/pdf/2008/%E5%85%B3%E4%BA%8E%E6%88%91%E5%9B%BD%E4%BA%A7%E5%AD%A6%E7%A0%94%E7%BB%93%E5%90%88%E7%9A%84%E7%8E%B0%E7%8A%B6%E4%B8%8E%E6%80%9D%E8%80%83.pdf,"发展我国政府与大型企业以基金的形式资助基础研. 究和应用性基础研究的途径, 起到了示范效应。 3 . 2. 完善有利于国家创新体系的科研成果评."
中美清洁能源联合研究中心在华盛顿举行揭牌仪式,http://sanfrancisco.china-consulate.gov.cn/chn/kj/jlhaz/201101/t20110122_10390050.htm,"Jan 22, 2011 ... ... 联合研究中心在华盛顿举行揭牌仪式。科技部万钢部长、美国能源部朱棣文部长和国家能源局张国宝局长共同为中美清洁能源联合研究中心揭牌。 建筑能效 ..."
【科技成果转化服务手册】第一章科技成果转化政策解读_部门解读_ ...,https://stcsm.sh.gov.cn/zwgk/kjzc/zcjd/bmjd/20241113/6458b51df3cc47919eb7336732b94e5d.html,"Nov 13, 2024 ... 需要提出的是，对于危害国家安全、损害国家利益或社会公共利益、违反国家产业政策、国家明令禁止使用或已经限期淘汰等科技成果，不得实施转化活动。涉及国家 ..."
中华人民共和国促进科技成果转化法（2015年修订）-中华人民共和国 ...,https://www.most.gov.cn/xxgk/xinxifenlei/fdzdgknr/fgzc/flfg/201512/t20151204_122621.html,"Aug 31, 2015 ... 科技成果完成人或者课题负责人，不得阻碍职务科技成果的转化，不得将职务科技成果及其技术资料和数据占为己有，侵犯单位的合法权益。"
国务院关于印发实施《中华人民共和国促进科技成果转化法》若干 ...,https://www.gov.cn/zhengce/content/2016-03/02/content_5048192.htm,"Mar 2, 2016 ... 依法对职务科技成果完成人和为成果转化作出重要贡献的其他人员给予奖励时，按照以下规定执行： 1.以技术转让或者许可方式转化职务科技成果的，应当从技术转让 ..."
中华人民共和国促进科技成果转化法- 中华人民共和国科学技术部,https://www.most.gov.cn/ztzl/jqzzcx/zzcxcxzzo/zzcxcxzz/zzcxgncxzz/200512/t20051230_27320.html,第二十一条 国家财政用于科学技术、固定资产投资和技术改造的经费，应当有一定比例用于科技成果转化。科技成果转化的国家财政经费，主要用于科技成果转化的引导资金、贷款 ...
河南省促进科技成果转化条例_河南科学技术厅,https://kjt.henan.gov.cn/2020/08-05/1751217.html,"Aug 5, 2020 ... 第四十四条国家设立的研究开发机构、高等院校等事业单位的正职领导，是科技成果的主要完成人或者为成果转移转化做出重要贡献的，经集体研究通过并公示后， ..."
山东省科学技术厅政策解读政策解读| 《深化科技成果转化机制改革 ...,http://kjt.shandong.gov.cn/art/2025/4/3/art_103586_10318796.html,"Apr 3, 2025 ... 为贯彻党的二十大和二十届二中、三中全会精神，进一步深化科技成果转化机制改革，全面激发人才创新创业活力，着力解决科技成果不敢转、不愿转、不会转、 ..."
广东省科学技术厅广东省教育厅印发《广东省高校和科研事业单位 ...,http://gdstc.gd.gov.cn/zwgk_n/tzgg/content/post_4484509.html,"Aug 28, 2024 ... 粤科规范字〔2024〕1号. 各地级以上市科技局、教育局，各有关单位：. 经省人民政府同意，现将《广东省高校和科研事业单位职务科技成果转化尽职免责认定 ..."
山东省科学技术厅政策发布关于印发《深化科技成果转化机制改革 ...,http://kjt.shandong.gov.cn/art/2025/4/3/art_103585_10318795.html,"Apr 3, 2025 ... 充分赋予试点单位科技成果管理自主权，创新职务科技成果资产管理方式，建立健全区别于一般国有资产的职务科技成果资产管理模式。加强内部工作协同，对职务 ..."
关于印发《国家科技成果转化引导基金管理暂行办法》的通知,http://jkw.mof.gov.cn/zhengcefabu/202111/t20211119_3767425.htm,"Nov 23, 2021 ... 为贯彻落实《中华人民共和国促进科技成果转化法》，加快实施创新驱动发展战略，加速推动科技成果转化与应用，根据国家有关法律法规和财政管理规定，我们对《 ..."
北京市促进科技成果转化条例_地方性法规_首都之窗_北京市人民政府 ...,https://www.beijing.gov.cn/zhengce/dfxfg/201912/t20191205_868149.html,"Nov 27, 2019 ... 为了促进科技成果转化，规范科技成果转化活动，实施创新驱动发展战略，加快建设具有全球影响力的全国科技创新中心，推动经济高质量发展和社会进步， ..."
国务院关于印发“十四五”国家知识产权保护和运用规划的通知_知识 ...,https://www.gov.cn/zhengce/content/2021-10/28/content_5647274.htm,"Oct 28, 2021 ... 五年来，各地区、各有关部门深入实施《“十三五”国家知识产权保护和运用规划》，持续推进知识产权战略实施，知识产权创造能力稳步提高，国内每万人口发明专利 ..."
国家知识产权局知识产权保护,https://www.cnipa.gov.cn/col/col2430/index.html,数据统计. 2025年2月各省（区、市）专利侵权纠纷行政案件数据统计2025-03-25 ; 调查评估 · 2023年知识产权保护社会满意度调查报告2024-10-09 ...
上海市知识产权保护中心,https://ippc.sipa.sh.gov.cn/,上海市知识产权保护中心（上海市知识产权发展研究中心），简称上海保护中心.
国家知识产权局白皮书2023年中国知识产权保护状况,https://www.cnipa.gov.cn/art/2024/4/30/art_91_192134.html,"Apr 30, 2024 ... 二〇二三年中国知识产权保护状况.pdf."
高等学校知识产权保护管理规定- 中华人民共和国教育部政府门户网站,http://www.moe.gov.cn/srcsite/A02/s5911/moe_621/199904/t19990408_81867.html,"Apr 8, 1999 ... 高等学校知识产权保护管理规定 ... 第一条为有效保护高等学校知识产权，鼓励广大教职员工和学生发明创造和智力创作的积极性，发挥高等学校的智力优势，促进科技 ..."
关于加强与科技有关的知识产权保护和管理工作的若干意见,http://sanfrancisco.china-consulate.gov.cn/chn/kj/wjfg/200112/t20011201_10390231.htm,"Dec 1, 2001 ... 一、加强与科技有关的知识产权保护和管理，是促进科研机构和高新技术企业进行体制创新和技术创新的主要途径和重要保证。 1.充分认识知识产权制度的重要性， ..."
附件： - 政府会计准则第5 号——公共基础设施,https://czt.ln.gov.cn/czt/lnhjw/tztg/E815A4813F0A44EDAA00722BD2601DD3/P020170516405939137425.pdf,第二条本准则所称公共基础设施，是指政府会计主体. 为满足社会公共需求而控制的，同时具有以下特征的有形. 资产：. （一）是一个有形资产系统或网络的组成部分；.
为知识产权保护提供有力法治保障_滚动新闻_中国政府网,http://www.gov.cn/xinwen/2021-04/24/content_5601768.htm,"Apr 24, 2021 ... 为知识产权保护提供有力法治保障 公安机关对侵犯知识产权犯罪发起新一轮凌厉攻势. “'十三五'期间，全国公安机关共侦破侵犯知识产权和制售伪劣商品犯罪 ..."
广东省人民政府关于印发《广东省知识产权保护和运用“十四五”规划 ...,http://www.gd.gov.cn/zwgk/wjk/qbwj/yf/content/post_3900131.html,"Mar 31, 2022 ... 广东省人民政府关于印发《广东省知识产权保护. 和运用“十四五”规划》的通知. 粤府〔2021〕87号. 各地级以上市人民政府，省政府各部门、各直属机构：."
浙江省知识产权保护中心2024年公开招聘公告,https://rlsbt.zj.gov.cn/art/2024/1/31/art_1229743683_58937362.html,"Jan 31, 2024 ... 丽水市 · 一、招聘单位. 浙江省知识产权保护中心办公地点在杭州市区，公益一类事业单位，机构规格均为正处级，经费形式为财政全额补助。 · 二、招聘岗位、 ..."
发展新质生产力是推动高质量发展的内在要求和重要着力点- 求是网,http://czj.jiaozuo.gov.cn/article/21350.html,"May 31, 2024 ... 发展新质生产力是推动高质量发展的内在要求和重要着力点 · 发展新质生产力是推动高质量发展的内在要求和重要着力点 · 第一，大力推进科技创新。新质生产力 ..."
【【专家观点】加快形成新质生产力：是什么、为什么、做什么 ...,https://www.ndrc.gov.cn/wsdwhfz/202402/t20240206_1363980.html,"Feb 6, 2024 ... 先进科技是新质生产力生成的内在动力。一是要加大基础研究领域投入，要持续加强基础研究攻关和前沿技术研发，全面提升包括基础零部件（元器件）、基础材料、 ..."
国务院关于印发新一代人工智能发展规划的通知_科技_中国政府网,https://www.gov.cn/zhengce/content/2017-07/20/content_5211996.htm,"Jul 20, 2017 ... 利用现有政府投资基金支持符合条件的人工智能项目，鼓励龙头骨干企业、产业创新联盟牵头成立市场化的人工智能发展基金。利用天使投资、风险投资、创业投资 ..."
【新质生产力的内涵特征和发展重点（深入学习贯彻习近平新时代 ...,https://www.ndrc.gov.cn/wsdwhfz/202403/t20240301_1364322.html,"Mar 1, 2024 ... 新质生产力代表先进生产力的演进方向，是由技术革命性突破、生产要素创新性配置、产业深度转型升级而催生的先进生产力质态。新质生产力以劳动者、劳动资料 ..."
党的二十大代表热议——加快实施创新驱动发展战略_滚动新闻_中国 ...,https://www.gov.cn/xinwen/2022-10/22/content_5720797.htm,"Oct 22, 2022 ... 党的二十大代表热议——加快实施创新驱动发展战略 ... 科技兴则民族兴，人才强则国家强。 习近平总书记在党的二十大报告中指出：“必须坚持科技是第一生产力、 ..."
教育部关于印发《高等学校人工智能创新行动计划》的通知- 中华人民 ...,http://www.moe.gov.cn/srcsite/A16/s7062/201804/t20180410_332722.html?eqid=b992307e00003f7d000000066498ffc3,"Apr 10, 2018 ... 教育部关于印发《高等学校人工智能创新行动计划》的通知 · 1.加快人工智能领域学科建设。支持高校在计算机科学与技术学科设置人工智能学科方向，深入论证并 ..."
中共中央国务院印发《国家创新驱动发展战略纲要》_中央有关文件_ ...,https://www.gov.cn/zhengce/2016-05/19/content_5074812.htm,"May 19, 2016 ... 党的十八大提出实施创新驱动发展战略，强调科技创新是提高社会生产力和综合国力的战略支撑，必须摆在国家发展全局的核心位置。这是中央在新的发展阶段确立的 ..."
生成式人工智能服务管理暂行办法_中央网络安全和信息化委员会办公室,https://www.cac.gov.cn/2023-07/13/c_1690898327029107.htm,"Jul 13, 2023 ... 生成式人工智能服务管理暂行办法 · 第二条利用生成式人工智能技术向中华人民共和国境内公众提供生成文本、图片、音频、视频等内容的服务（以下称生成式人工 ..."
教育部举办人工智能校长局长专题培训班- 中华人民共和国教育部政府 ...,http://www.moe.gov.cn/jyb_xwfb/gzdt_gzdt/moe_1485/202504/t20250426_1188761.html,"Apr 26, 2025 ... 为落实国家教育数字化战略，全面提升中小学书记校长、地方教育局长的人工智能领导力，近日，教育部举办人工智能校长局长专题培训班。教育部党组书记、 ..."
耿爽大使在人工智能第二次非正式磋商会议上的发言_中华人民共和国 ...,http://un.china-mission.gov.cn/hyyfy/202502/t20250220_11559086.htm,"Feb 19, 2025 ... 两机制应坚持发展导向，重视发展中国家需求，积极推动人工智能赋能农业、制造业、教育、医疗等各个领域，助力落实2030议程。应坚持技术发展与风险防范并重，一 ..."
学位授予和人才培养学科目录（2018年4月更新） - 中华人民共和国 ...,http://www.moe.gov.cn/jyb_sjzl/ziliao/A22/201804/t20180419_333655.html,学位授予和人才培养学科目录（2018年4月更新）. 2018-04-19 来源：研究生司收藏. 附件下载：学位授予和人才培养学科目录（2018年4月更新）. 扫描分享 扫一扫分享本页.
人社部：加强新职业人才培养_滚动新闻_中国政府网,https://www.gov.cn/xinwen/2021-05/07/content_5604961.htm,"May 7, 2021 ... 为加快培养高素质劳动者和技术技能人才，改善新职业人才供给质量结构，支持战略性新兴产业发展，近日，人社部印发《关于加强新职业培训工作的通知》。"
关于印发《学位授予和人才培养学科目录（2011年）》的通知- 中华 ...,http://www.moe.gov.cn/srcsite/A22/moe_833/moe_834/201103/t20110308_116439.html,"Mar 8, 2011 ... 关于印发《学位授予和人才培养学科目录（2011年）》的通知 · 一、已有博士、硕士学位授权点应按新目录进行对应调整，具体办法另行通知。 · 二、自印发之日起， ..."
舒惠好出席全国高端会计人才培养项目毕业活动,https://www.mof.gov.cn/zhengwuxinxi/tupianxinwen1/202412/t20241211_3949336.htm,"Dec 10, 2024 ... 2024年12月11日 来源：会计司. 2024年12月4日，全国高端会计人才培养项目毕业活动在北京国家会计学院举行。财政部党组成员、部长助理舒惠好出席活动并 ..."
教育部关于加快建设高水平本科教育全面提高人才培养能力的意见 ...,http://www.moe.gov.cn/srcsite/A08/s7056/201810/t20181017_351887.html,"Oct 17, 2018 ... 深化高校本科专业供给侧改革，建立健全专业动态调整机制，做好存量升级、增量优化、余量消减。主动布局集成电路、人工智能、云计算、大数据、网络空间安全、 ..."
文化和旅游部办公厅关于开展2025年“全国魔术领军人才培养计划 ...,https://zwgk.mct.gov.cn/zfxxgkml/wysy/202502/t20250207_958274.html,"Feb 7, 2025 ... 文化和旅游部办公厅关于开展2025年. “全国魔术领军人才培养计划”. 申报工作的通知 ... 具有中国国籍，年龄在25岁至45岁之间，从事一线演出5年以上，具有较高 ..."
市人社局关于印发《天津市高技能人才培训基地建设项目管理办法 ...,https://hrss.tj.gov.cn/jsdw/zyjnjdzx/jddt/202208/t20220803_5949756.html,"Jun 24, 2022 ... ... 人才培养实施细则〉等五个文件的通知》（津人才办〔2019〕6号）等规定，制定本办法。 第二条 本办法所称天津市高技能人才培训基地建设项目（以下简称 ..."
云南大学人才培养经费使用流程-云南大学党委教师工作部·人事处·人才 ...,http://www.rsc.ynu.edu.cn.http.80.37222e7664.ipv6.bozhou.gov.cn/info/1003/2827.htm,发布时间: 2018年10月10日阅读次数：1874. 1、办理支出报销，请登录“云南大学网络财务报账系统”，依次选择“经费使用”、“我要报账”、“专项经费”，按要求填写完成后， ...
文化和旅游部办公厅关于印发《国家旅游人才培训基地管理办法 ...,https://zwgk.mct.gov.cn/zfxxgkml/zcfg/gfxwj/202012/t20201204_906331.html,"May 29, 2018 ... 为贯彻落实《“十三五”旅游人才发展规划纲要》，推进国家旅游人才培训基地建设，规范国家旅游人才培训基地运行管理，现将《国家旅游人才培训基地管理办法》（ ..."
2025年浙江省技工院校工学一体化技能人才培养模式优质课堂名单公示,https://rlsbt.zj.gov.cn/art/2025/3/18/art_1229116948_58940920.html,"Mar 18, 2025 ... 根据《人力资源社会保障部办公厅关于开展技工院校工学一体化技能人才培养模式优质课堂遴选工作的通知》（人社厅函〔2024〕190号）和《浙江省人力资源和 ..."
小型模块化反应堆发展现状与趋势_国家核安全局,https://nnsa.mee.gov.cn/ztzl/haqshmhsh/haqrdmyyt/202405/202401/t20240123_1064446.html,"May 30, 2024 ... （1）我国在陆上小型模块化反应堆部署方面领先全球，工程建设进展良好。我国的“玲龙一号”反应堆是全球首个通过国际原子能机构官方审查的三代轻水SMR，也是全球 ..."
我国构建全球首个星地量子通信网_滚动新闻_中国政府网,https://www.gov.cn/xinwen/2021-01/08/content_5577894.htm,"Jan 8, 2021 ... 我国构建全球首个星地量子通信网 ... 中国科学技术大学1月7日宣布，中国科研团队成功实现了跨越4600公里的星地量子密钥分发，此举标志着我国已成功构建出天地 ..."
发展量子通信为何要上天？-新华网,http://www.xinhuanet.com/tech/20230627/faa8dd23a9d24eda80abc2966b0dc82d/c.html,"Jun 27, 2023 ... “量子具有不可克隆原理，因此单光子量子信息不能像经典通信那样被放大。一旦传输距离较远，损耗问题就会变得极其严重。”廖胜凯指出，“根据数据测算，通过1200 ..."
量子通信与量子计算等研究取得突破----中科院2020年年度两类亮点 ...,https://www.cas.cn/zt/kjzt/2020ndldsx/kjcx/202101/t20210107_4773879.html,"Jan 7, 2021 ... 完成单位：中国科学技术大学、中国科学院上海技术物理研究所、微小卫星创新研究院、光电技术研究所、上海微系统与信息技术研究所、精密测量科学与技术 ..."
量子通信实现新突破多家龙头企业抢占新赛道-新华网,http://www.xinhuanet.com/20250324/4ef30d62e4264352bd2cd42fd6773f68/c.html,"Mar 24, 2025 ... 业界认为，作为最有可能率先实现商业化的量子科技应用领域，量子通信有望成为国家信息安全和新基建的重要支柱，期待更多政策加码助力。 为量子卫星通信组网铺 ..."
通往未来“造物时代”的合成生物学，有哪些用？一文看懂,https://stcsm.sh.gov.cn/xwzx/kjzl/20230712/52b053d56baa487c96cd2877ad6ab1d3.html,"Jul 12, 2023 ... 上世纪50年代DNA双螺旋结构发现后，遗传密码的破译、限制性内切酶的发现、PCR技术的发明等一系列重大分子生物学成就，催生了基因工程技术，也正式开启了合成 ..."
教育部关于合成生物学前沿科学中心立项建设的通知- 中华人民共和国 ...,http://www.moe.gov.cn/srcsite/A16/s3336/201810/t20181025_352692.html,"Oct 25, 2018 ... 一是完善建设规划，根据建设目标，认真研究吸纳专家组意见，进一步完善建设规划，明确建设任务，创新建设模式和实现路径。二是落实政策保障，强化主体建设责任， ..."
省科技厅关于组织申报量子通信与量子计算机国家科技重大专项公开 ...,https://kjt.hubei.gov.cn/kjdt/tzgg/202409/t20240914_5337966.shtml,"Sep 14, 2024 ... 省科技厅关于组织申报量子通信与量子计算机国家科技重大专项公开竞争类项目2024年度公开项目的通知 ... 1．各申报单位需严格按照申报通知中申报指南、工作 ..."
合成生物学，属于未来的“天工开物”----中国科学院,https://www.cas.cn/zjs/202305/t20230525_4889800.shtml,"May 25, 2023 ... 尼龙是生活中常见的材料，但传统的化学合成方式会产生大量的温室气体，消耗大量的水和能源。如今，利用合成生物技术，能实现生物基尼龙的发酵合成，大大降低了 ..."
2024上海合成生物学创新峰会召开,https://stcsm.sh.gov.cn/xwzx/gzdt/20240415/757f9bcd1ff0496483f0ff13074aeb86.html,"Apr 15, 2024 ... 本次峰会汇聚了国内外合成生物学领域的顶尖科学家，企业家等产业菁英，共同研讨了合成生物学的前沿技术、成果转化以及产业发展。通过促进合成生物学领域科技 ..."
国务院关于印发国家技术转移体系建设方案的通知_科技_中国政府网,https://www.gov.cn/zhengce/content/2017-09/26/content_5227667.htm,"Sep 26, 2017 ... 加强技术转移人才培养。发挥企业、高校、科研院所等作用，通过项目、基地、教学合作等多种载体和形式吸引海外高层次技术转移人才和团队。鼓励有条件的高校 ..."
关于对《新药技术转让注册管理规定（征求意见稿）》征求意见的通知,https://www.nmpa.gov.cn/xxgk/zhqyj/zhqyjyp/20071109000001731.html?type=pc&m=,"Nov 9, 2007 ... 各有关单位：. 根据《药品注册管理办法》，我司组织起草了《新药技术转让注册管理规定》，现予上网公开征求意见。 一、请局相关司室、直属单位和各省、 ..."
推动高端装备制造业创新发展－国务院国有资产监督管理委员会,http://www.sasac.gov.cn/n2588025/n2588134/c20550040/content.html,"Sep 3, 2021 ... 推动高端装备制造业创新发展 ... 习近平总书记指出：“科技创新成为国际战略博弈的主要战场，围绕科技制高点的竞争空前激烈。我们必须保持强烈的忧患意识，做好 ..."
关于对《新药技术转让注册管理规定（征求意见稿）》征求意见的通知,https://www.nmpa.gov.cn/xxgk/zhqyj/zhqyjyp/20071109000001731_1.html?type=pc&m=,"Nov 9, 2007 ... 第六条新药技术转让注册申请，适用于境内生产的新药以及《药品注册管理办法》规定的靶向、缓释、控释等特殊剂型药物，包括下列情形的申请： （一）已获得《新药 ..."
杭州市人民政府办公厅关于印发加快推进高端装备制造业高质量发展 ...,https://www.hangzhou.gov.cn/art/2023/7/28/art_1229063382_1836282.html,"Jul 25, 2023 ... 优化完善企业梯度培育机制，积极鼓励行业龙头企业发挥“链主”带动作用，打造良好产业生态。 本措施自2023年8月27日起施行，有效期至2025年12月31日，由市经信局 ..."
深圳市科技创新战略研究和技术转移促进中心公开选聘事业编制工作 ...,https://stic.sz.gov.cn/xxgk/rsxx/content/post_9802350.html,深圳市科技创新战略研究和技术转移促进中心公开选聘事业编制工作人员公告. 信息来源：深圳市科技创新委员会 发布时间：2022-05-20 A-A+ 视力保护色：. 深圳市科技创新战略 ...
关于《加快推进高端装备制造业高质量发展的若干措施》的图文政策 ...,https://www.hangzhou.gov.cn/art/2023/7/28/art_1229063386_1836304.html,"Jul 25, 2023 ... 微信扫一扫：分享 · 政策原文 ○ 杭州市人民政府办公厅关于印发加快推进高端装备制造业高质量发展若干措施的通知 · 文字解读 ○ 关于《加快推进高端装备制造 ..."
关于印发国家技术转移示范机构管理办法的通知-中华人民共和国科学 ...,https://www.most.gov.cn/xxgk/xinxifenlei/fdzdgknr/fgzc/gfxwj/gfxwj2010before/201712/t20171222_137075.html,"Sep 10, 2007 ... 第五条 技术转移机构的主要功能是促进知识流动和技术转移，其业务范围是： （一）对技术信息的搜集、筛选、分析、加工； （二）技术转让与技术代理； （三）技术集成 ..."
广东省科学技术厅关于开展2025年度技术转移人才培训工作的通知_ ...,http://gdstc.gd.gov.cn/zwgk_n/tzgg/content/post_4695699.html,"Apr 11, 2025 ... 报名中级技术经纪人班的人员，应按照《国家技术转移专业人员能力等级培训大纲》要求取得相应的初级技术经纪人资格；报名高级技术经理人班的学员，应按照《 ..."
第10届中国—东盟技术转移与创新合作大会在广西南宁开幕-中华人民 ...,https://www.most.gov.cn/kjbgz/202209/t20220921_182483.html,"Sep 21, 2022 ... 中国—东盟技术转移联盟正式成立，作为国内首个专门面向东盟的技术转移合作机制，该联盟将联合国内科技创新能力强、资源集中的省市创新机构，以更有效地满足 ..."
【我国新型智慧城市发展现状、形势与政策建议】-国家发展和改革 ...,https://www.ndrc.gov.cn/xxgk/jd/wsdwhfz/202005/t20200515_1228150.html,"May 15, 2020 ... 我国新型智慧城市发展现状、形势与政策建议 ... 智慧城市的概念自2008年提出以来，在国际上引起广泛关注，并持续引发了全球智慧城市的发展热潮。智慧城市已经 ..."
国家发展改革委国家数据局财政部自然资源部关于深化智慧城市发展 ...,https://www.gov.cn/zhengce/zhengceku/202405/content_6952353.htm,"May 14, 2024 ... 加快推动城市建筑、道路桥梁、园林绿地、地下管廊、水利水务、燃气热力、环境卫生等公共设施数字化改造、智能化运营，统筹部署泛在韧性的城市智能感知终端 ..."
【【专家观点】数字医疗拓展应用场景提升诊疗效果】-国家发展和 ...,https://www.ndrc.gov.cn/wsdwhfz/202307/t20230714_1358366.html,"Jul 14, 2023 ... 【专家观点】数字医疗拓展应用场景提升诊疗效果 ... 当今，新一代数字技术正在驱动和引领就医服务、临床医疗、健康咨询等数字化转型和智慧化升级，重塑传统 ..."
十部门关于印发加强工业互联网安全工作的指导意见的通知,https://www.mem.gov.cn/gk/zfxxgkpt/fdzdgknr/202012/t20201207_374143.shtml,1.依法落实企业主体责任。工业互联网企业明确工业互联网安全责任部门和责任人，建立健全重点设备装置和系统平台联网前后的风险评估、安全审计等制度，建立安全事件报告和问责 ...
我省发布超高清视频产业发展行动计划- 四川省人民政府网站,https://www.sc.gov.cn/10462/10464/10797/2019/5/27/7f4cc4784b4249928bccc6a3343ff1d9.shtml,"May 27, 2019 ... 近日发布的《四川省超高清视频产业发展行动计划（2019-2022年）》提出，到2022年，我省超高清视频产业总体规模有望超过3500亿元。《行动计划》从核心关键 ..."
驻旧金山副总领事查立友出席2017智慧城市论坛及科技展开幕式,http://sanfrancisco.china-consulate.gov.cn/zlghd/201706/t20170606_4141679.htm,"Jun 6, 2017 ... ... 智慧城市建设。硅谷作为世界创新中心，在物联网、大数据、云计算、人工智能等相关领域引领全球科技创新,为全球智慧城市建设源源不断地提供科技创新资源。"
我省首批新型智慧城市示范城市名单公布- 四川省人民政府网站,https://www.sc.gov.cn/10462/10464/10797/2021/3/18/e55abb51c3144b3b8146b8c5f1a2efb7.shtml,"Mar 18, 2021 ... 去年以来，为统筹推进新型智慧城市建设，我省首次系统出台新型智慧城市建设相关政策文件。同时，各市（州）围绕“优政、惠民、兴业”总体建设目标和10大重点建设 ..."
《“十四五”国家信息化规划》专家谈：推进数字健康发展重塑管理服务 ...,http://www.cac.gov.cn/2022-04/16/c_1651725668733709.htm,"Apr 16, 2022 ... 2021年12月，中央网络安全和信息化委员会印发《“十四五”国家信息化规划》（以下简称《规划》），对我国“十四五”时期信息化发展作出部署安排，将“提供普惠数字 ..."
数字健康发展国际研讨会召开,http://www.nhc.gov.cn/cms-search/xxgk/getManuscriptXxgk.htm?id=1c5d4a75a99344828937213dc8e39094,"Nov 28, 2023 ... 国家卫生健康委统计信息中心高度重视国际交流工作，作为世界卫生组织卫生信息与信息学合作中心，围绕卫生健康数据治理、卫生健康信息化建设、数字健康发展 ..."
超高清视频标准体系建设指南,https://www.nrta.gov.cn/module/download/downfile.jsp?classid=0&filename=bf76a17826bf446ba1d8ecffe4dff29d.pdf,超高清视频的技术演进不仅催生了芯片、内容制播、显. 示、传输等产业各环节的升级换代，还驱动了广播电视、安. 防监控、教育医疗、工业制造等行业以视频为核心的服务转. 型 ...
关于印发《上海市“元宇宙”关键技术攻关行动方案（2023—2025年 ...,https://stcsm.sh.gov.cn/zwgk/ghjh/20230613/ddf9bf506da64e8cbdee86d6f1fc834c.html,"Jun 13, 2023 ... 鼓励园区、高质量孵化器为“元宇宙”企业提供高水平技术筛选、知识产权运营、创新链及产业链资源链接等服务，畅通“发现-转化-孵化-产业化”链条。加强投孵联动 ..."
《脑机接口研究伦理指引》和《人—非人动物嵌合体研究伦理指引 ...,https://www.most.gov.cn/kjbgz/202402/t20240202_189582.html,"Feb 2, 2024 ... 为促进脑机接口、人—非人动物嵌合体等领域的规范研究，国家科技伦理委员会人工智能伦理分委员会研究编制了《脑机接口研究伦理指引》，生命科学伦理分 ..."
2024“元宇宙理论与技术基础研究”专项项目申请指南（第II期）,https://www.nsfc.gov.cn/publish/portal0/tab442/info93729.htm,"Oct 24, 2024 ... 国家自然科学基金委员会信息科学部拟设立“元宇宙理论与技术基础研究”专项项目（第II期），旨在探索与发展元宇宙感知、仿真、交互、协作等基础理论与关键技术 ..."
一图读懂《元宇宙产业创新发展三年行动计划（2023－2025年）》,https://zwgk.mct.gov.cn/zfxxgkml/zcfg/zcjd/202309/t20230909_947133.html,"Sep 8, 2023 ... 《元宇宙产业创新发展三年行动计划（2023－2025年）》. 发布时间：2023年09月08日. 字体：[大中小]. 打印. 相关链接：工业和信息化部办公厅教育部办公厅文化 ..."
关于印发《广东省加快氢燃料电池汽车产业发展实施方案》的通知,http://drc.gd.gov.cn/ywtz/content/post_3125347.html,"Nov 12, 2020 ... 关于印发《广东省加快氢燃料电池汽车产业发展实施方案》的通知 · 一、着力培育氢燃料电池汽车产业链 · 二、支持氢燃料电池技术研发创新 · 三、开展氢燃料 ..."
《元宇宙产业创新发展三年行动计划(2023—2025年)》解读_政策解读 ...,https://www.gov.cn/zhengce/202309/content_6903025.htm,"Sep 8, 2023 ... 具体衡量标准上，包括元宇宙技术、产业、应用和治理等全面取得突破，培育3—5家有全球影响力的生态型企业，打造3—5个产业发展聚集区，工业元宇宙发展初见成效， ..."
关于加快北京城市副中心元宇宙创新引领发展若干措施的通知,https://www.bjtzh.gov.cn/bjtz/jdhy/202203/1515478.shtml,"Mar 3, 2022 ... A：“1”即一个应用创新中心，在张家湾设计小镇，用于元宇宙企业研发办公和元宇宙体验中心建设。“N”即文化旅游区、台湖演艺小镇、石化航天园、东郎产业园等多个 ..."
智能电网，提供强劲电力支撑_滚动新闻_中国政府网,https://www.gov.cn/xinwen/2022-08/04/content_5704179.htm,"Aug 4, 2022 ... 智能电网，提供强劲电力支撑 · 提升网络效益，向适应大规模高比例新能源方向转变 · 近年来，我国电力系统加快向适应大规模高比例新能源方向转变。 · 电力供应 ..."
【关于促进智能电网发展的指导意见(发改运行〔2015〕1518号 ...,https://www.ndrc.gov.cn/xxgk/zcfb/tz/201507/t20150706_963380.html,"Jul 6, 2015 ... 发展智能电网，有利于进一步提高电网接纳和优化配置多种能源的能力，实现能源生产和消费的综合调配；有利于推动清洁能源、分布式能源的科学利用，从而全面构建 ..."
车企竞逐固态电池量产应用仍在路上-新华网,http://www.xinhuanet.com/auto/20241101/34bbaf7b0be24e068ab6eb4e362abe94/c.html,"Nov 1, 2024 ... 今年5月，上汽集团发布了固态电池时间表：2026年，全固态电池实现交付量产，能量密度超过400Wh/kg，是传统动力电池的一倍以上；2027年，搭载全固态电池的智己新车 ..."
卫星互联网：让全球处处有信号-新华网,http://www.xinhuanet.com/tech/20230504/0a92c778412b4862b45750b41c2140cc/c.html,"May 4, 2023 ... 搭载船舶防碰撞系统载荷，卫星可以接收全球任意海域各类船舶的位置等信息，再播发给各类船只，使之可以感知周边船舶信息或者开展经济信息分析等。搭载民航 ..."
国家卫生健康委办公厅关于征求体细胞治疗临床研究和转化应用管理 ...,http://www.nhc.gov.cn/qjjys/pqt/201903/01134dee9c5a4661a0b5351bd8a04822.shtml,"Mar 29, 2019 ... 为规范和促进体细胞治疗临床研究及转化应用，我委起草了《体细胞治疗临床研究和转化应用管理办法（试行）》（征求意见稿），经商国家药监局同意，现面向社会公开 ..."
工业和信息化部关于印发《卫星网络国内协调管理办法（暂行）》的 ...,https://www.gov.cn/zhengce/zhengceku/202503/content_7013119.htm,"Mar 4, 2025 ... 现将《卫星网络国内协调管理办法（暂行）》印发给你们，请遵照执行。"
总局关于发布细胞治疗产品研究与评价技术指导原则的通告（2017年 ...,https://www.nmpa.gov.cn/directory/web/nmpa//////xxgk/ggtg/ypggtg/ypqtggtg/20171222145101557.html,"Dec 22, 2017 ... 总局关于发布细胞治疗产品研究与评价技术指导原则的通告（2017年第216号）. 下载 打印, 分享到新浪微博 分享到 ..."
工业和信息化部关于印发《卫星网络申报协调与登记维护管理办法 ...,https://www.gov.cn/gongbao/content/2017/content_5220913.htm,"Jan 3, 2017 ... 在卫星网络申报阶段，由卫星操作单位编制相关材料，通过工业和信息化部向国际电联报送提前公布资料、协调资料、规划频段PART A资料等，以及相应开展与之相关 ..."
智能传感器产业现状,http://fuwu.hnkjt.gov.cn/upload/pdf/kjzcwj/8c5a3c90h7ee4368791f85741bfff5e3a.pdf,"Jun 13, 2024 ... 1.2 智能传感器. 8. 智能传感器是指具有信息采集、信息处理、信息交换、信息存储功能的多元件集成电路，是集成传感芯. 片、通信芯片、微处理器、驱动程序 ..."
国资委关于组建中国卫星网络集团有限公司的公告－国务院国有资产 ...,http://wap.sasac.gov.cn/n2588030/n2588924/c18286531/content.html,"Apr 29, 2021 ... 2021年第1号. 国资委关于组建中国卫星网络集团有限公司的公告. 经国务院批准，新组建的中国卫星网络集团有限公司由国务院国有资产监督管理委员会代表 ..."
“星链模式”能否抗衡星链？我国卫星互联网发展的机遇与挑战,https://www.quanzhou.gov.cn/zfb/xxgk/zfxxgkzl/ztzl/kpzl/kxts/202309/t20230922_2937791.htm,"Sep 22, 2023 ... “星链”系统一期星座由轨道高度550KM左右的4408颗卫星组成、二期星座由轨道高度在340KM左右的7518颗卫星组成，三期星座计划发射的3万颗卫星，都使用LEO低轨道 ..."
重庆市人民政府办公厅关于印发《重庆市以卫星互联网为引领的空天 ...,https://www.cq.gov.cn/zwgk/zfxxgkml/szfwj/xzgfxwj/szfbgt/202403/t20240315_13055066.html,"Mar 15, 2024 ... 1﹒提高通信全球化保障能力。依托卫星互联网覆盖全球的通信服务能力，建立全域覆盖、泛在互联的通信基础设施，与海外运营商共同提升卫星互联网应用服务能力， ..."
广州市举办智能传感器高质量发展主题新闻发布会 广东省人民政府 ...,http://www.gd.gov.cn/hdjl/hygq/content/post_4502780.html,"Sep 30, 2024 ... “结合《若干措施》内容，我们接下来将成立支持广州市智能传感器产业高质量发展工作专班，成员包括省市发改、科技、工信、国资、政务和数据部门和省通信管理 ..."
我国科学家在“连续变量”集成光量子芯片领域实现新突破-新华网,http://www.xinhuanet.com/tech/20250220/29e7fa8d32364beeb045beb2ab8d73e7/c.html,"Feb 20, 2025 ... 《自然》杂志20日发布一项重要研究成果，我国科研团队成功实现全球首例基于集成光量子芯片的“连续变量”量子纠缠簇态。相关专家表示，这一成果填补了采用连续 ..."
世界首个全链路全系统空间太阳能电站地面验证系统落成启用----2023 ...,https://www.cas.cn/zt/kjzt/2023kjpd/2023lyyspx/202401/t20240111_4999976.shtml,"Jan 11, 2024 ... 空间太阳能电站（SSPS）是解决能源危机、实现可持续发展的终极答案之一。工程院旗舰刊物《Engineering》于2023年11月30日系统报道了西安电子科技大学段宝岩 ..."
【图文解读】《上海市促进基因治疗科技创新与产业发展行动方案 ...,https://stcsm.sh.gov.cn/zwgk/kjzc/zcjd/bmjd/20230919/41e17b87f1e645c79e7561312bad3843.html,"Sep 19, 2023 ... 【图文解读】《上海市促进基因治疗科技创新与产业发展行动方案（2023-2025年）》"
黄果在北京经济技术开发区调研细胞和基因治疗产品研发情况,https://www.nmpa.gov.cn/yaowen/ypjgyw/ypyw/20240510175057189.html?type=pc&m=,"May 10, 2024 ... 黄果强调，细胞和基因治疗产品已成为全球医药发展的前沿和热点，药品监管部门要加强政策引导，助推产业高质量发展。要提高研发质量，完善评价体系标准，加强 ..."
【部门解读】《上海市促进基因治疗科技创新与产业发展行动方案 ...,https://stcsm.sh.gov.cn/zwgk/kjzc/zcjd/bmjd/20230918/d336bd3608104092af8e9adec66724ff.html,"Sep 18, 2023 ... 对已在国内开展临床试验，由本市注册企业获得上市许可并在本市生产的基因治疗产品，给予最高3000万元的资金支持，每个单位每年累计支持额度不超过1亿元；对 ..."
深圳市住房和建设局关于征求深圳市《零碳建筑评价标准》（征求 ...,https://zjj.sz.gov.cn/hdjlpt/yjzj/answer/36681,"May 31, 2024 ... 深圳市住房和建设局关于征求深圳市《零碳建筑评价标准》（征求意见稿） 意见的通告 ... 为规范及推动我市零碳建筑的评价工作，提高建筑节能降碳水平，我局委托 ..."
基因治疗-中华人民共和国科学技术部,https://www.most.gov.cn/zxgz/kxjspj/gzkp/200702/t20070201_40792.html,以前一样。等到克隆技术进入实际应用阶段后，可以利用基因克隆人体器官，婴儿出生时，医院将从脐带处取极少量的血液冰冻入库，日后一旦他发生意外，某个器官受到严重创伤，基因 ...
伊旗：氢能重卡“全速前行”_鄂尔多斯市人民政府,https://www.ordos.gov.cn/xw_127672/jreeds/202404/t20240410_3590817.html,"Apr 10, 2024 ... 2021年，伊金霍洛旗先后引进上汽红岩、美锦国鸿等新能源车辆生产制造头部企业落户，在全旗范围率先启用30辆氢能重卡汽车，开通煤矿至集运站、化工终端等6条新 ..."
前海举办细胞与基因治疗产业交流会，深港前沿技术“碰撞”,https://qh.sz.gov.cn/gkmlpt/content/12/12148/post_12148855.html,"Apr 28, 2025 ... 4月22日，深港细胞与基因治疗产业交流会在香港尖沙咀前海港澳e站通九龙站点圆满举行。活动吸引了香港中华总商会、香港中华厂商联合会、香港生物科技 ..."
解读：《北京市加快细胞与基因治疗产业创新发展三年行动方案》_ ...,https://www.beijing.gov.cn/zhengce/zcjd/202503/t20250326_4045454.html,"Dec 27, 2024 ... 细胞与基因治疗（以下简称CGT）药物是继小分子药物、抗体药物之后，全球各主要发达国家和经济体竞相布局的“新赛道”。北京CGT产业具有创新动能强劲， ..."
【关于加快推进虚拟电厂发展的指导意见(发改能源〔2025〕357号 ...,https://www.ndrc.gov.cn/xxgk/zcfb/tz/202504/t20250411_1397162.html,"Apr 11, 2025 ... 加快推进虚拟电厂作为资源聚合类新型经营主体整体参与电力中长期市场和现货市场交易，并明确相应的电量电费计算原则。虚拟电厂在电力中长期市场和现货市场 ..."
重新诠释区块链存证技术下的最佳证据规则_中华人民共和国最高人民 ...,https://www.spp.gov.cn/spp/llyj/202306/t20230616_617747.shtml,"Jun 16, 2023 ... 依据我国民事诉讼法第73条第1款和《最高人民法院关于民事诉讼证据的若干规定》（下称《规定》）第23条规定，书证、物证、视听资料和电子数据均应当提交原件或 ..."
我国将建更多虚拟电厂到2030年调节能力达5000万千瓦以上_部门 ...,https://www.gov.cn/lianbo/bumen/202504/content_7018241.htm,"Apr 12, 2025 ... 国家发展改革委、国家能源局日前印发《关于加快推进虚拟电厂发展的指导意见》，提出到2027年，虚拟电厂建设运行管理机制成熟规范，参与电力市场的机制健全 ..."
智能语音-深圳市发展和改革委员会网站,https://fgw.sz.gov.cn/znyy/znyy.html,"智能语音导航. 充分利用互联网新技术，打造""听得懂""的政府门户网站！ 您可以说：打开政务咨询. 温馨提示：推荐您使用火狐、谷歌及手机自带浏览器，其他浏览器可能无法 ..."
《关于加快推进虚拟电厂发展的指导意见》政策解读- 湖南省发展和 ...,http://fgw.hunan.gov.cn/fgw/xxgk_70899/zcfg/zcjd/202504/t20250423_33651564.html,"Apr 23, 2025 ... 虚拟电厂是具有鲜明新型电力系统特征的新型电力运行组织模式，可有效聚合分布式电源、可调节负荷、储能等各类分散资源，协同参与电力系统优化和电力市场交易 ..."
广东省虚拟电厂参与电力市场交易实施方案,http://drc.gd.gov.cn/attachment/0/565/565025/4526577.pdf,虚拟电厂，是指依托负荷聚合商、售电公司等机构，通过新. 一代信息通信、系统集成等技术，实现需求侧资源的聚合、协调、. 优化，形成规模化调节能力，作为独立经营主体参与市场 ...
关于印发《上海市虚拟电厂高质量发展工作方案》的通知_2024年依 ...,https://fgw.sh.gov.cn/fgw_2024ysqzzdgk/20240710/bf91d3939f2240f0bc6d158f55d94028.html,关于印发《上海市虚拟电厂高质量发展工作方案》的通知 (发布日期：2024年07月10日 文号：沪发改能源〔2023〕293号). 各有关单位：. 根据市委、市政府工作部署，为加快构建 ...
山东省发展和改革委员会通知公告关于开展虚拟电厂试验示范的通知,http://fgw.shandong.gov.cn/art/2024/5/31/art_91680_10444524.html,"May 31, 2024 ... （二）加大政策支持。鼓励虚拟电厂根据自身特性自主参与电力市场，虚拟电厂聚合的发电主体，按照电力市场交易规则获得容量补偿。可再生能源发电企业可购买虚拟 ..."
深海采矿有多难_新华报刊-环球,http://www.xinhuanet.com/globe/2023-10/08/c_1310744402.htm,"Oct 8, 2023 ... 深海采矿有多难 ... 随着陆地上能源持续消耗，越来越多国家开始将目光投向海洋。不过，深海能源矿产开发既受到技术能力限制，又面临海洋污染争议。 ... 广袤的 ..."
关于《中国（上海）自由贸易试验区临港新片区虚拟电厂精准响应 ...,https://www.lingang.gov.cn/upload/1/dm/1704781486761.pdf,计划成. 立新片区虚拟电厂管理中心，机构设置在国网上海浦东. 供电公司实体运行，并受管委会管理。 三、响应区域. Page 2. — 2 —. 考虑到新片区 ...
中国数字人民币的研发进展白皮书,http://www.pbc.gov.cn/goutongjiaoliu/113456/113469/4293590/2021071614200022055.pdf,"Jul 15, 2021 ... 2017 年末，经国务院批准，人民银行开始组织商业机构. 共同开展法定数字货币（以下简称数字人民币，字母缩写按照国. 际使用惯例暂定为“e-CNY”）研发试验。目前， ..."
数字人民币试点场景已超132万个数字人民币将与实物人民币长期并存 ...,https://www.gov.cn/xinwen/2021-07/17/content_5625610.htm,"Jul 17, 2021 ... 16日，中国人民银行数字人民币研发工作组发布中国数字人民币的研发进展白皮书。白皮书明确，数字人民币是人民银行发行的法定货币，主要定位于现金类支付 ..."
境外来华人士数字人民币支付指南,http://www.pbc.gov.cn/redianzhuanti/118742/5275415/5275419/5285436/index.html,境外来华人士数字人民币支付指南. 法律声明 | 联系我们 | 设为首页 | 加入收藏 | 网站地图 · 京ICP备05073439号 网站标识码：bm25000001 京公网安备11010202000016号.
交通运输部关于加快智慧港口和智慧航道建设的意见_国务院部门文件 ...,https://www.gov.cn/zhengce/zhengceku/202312/content_6918874.htm,"Nov 24, 2023 ... 为贯彻习近平总书记关于大力发展数字经济、智慧交通等重要指示精神，落实《交通强国建设纲要》《国家综合立体交通网规划纲要》《数字中国建设整体布局 ..."
浙江承办亚运会的6市开展数字人民币试点,http://sjrb.zj.gov.cn/art/2022/4/6/art_1370340_58713317.html,"Apr 6, 2022 ... 数字人民币是中国人民银行发行的数字形式的法定货币，由指定运营机构参与运营，以广义账户体系为基础，支持银行账户松耦合功能，与实物人民币等价， ..."
数字人民币科普系列（二）丨数字 ... - 广州市地方金融监督管理局网站,http://jrjgj.gz.gov.cn/gzdt/content/post_8186199.html,广州获批纳入国家第三批数字人民币试点地区。数字人民币是由中国人民银行发行的数字形式的法定货币，由指定运营机构参与运营，与实物人民币等价，主要定位于现金类支付 ...
外卡“先充后用”，数字人民币钱包功能上新啦！,https://jrj.beijing.gov.cn/jrgzdt/202310/t20231009_3273126.html,"Oct 9, 2023 ... 近日，数字人民币App上线外卡“先充后用”功能，更好地为境外来华人士提供安全、便捷的支付服务。通过这项功能，境外来华人士可以直接使用境外手机号注册并 ..."
《关于加快智慧港口和智慧航道建设的意见》解读-2023年政策解读 ...,https://www.mot.gov.cn/2023zhengcejd/202312/t20231206_3963072.html,来源：水运局 2023-12-06 09:34:41. 为贯彻落实习近平总书记关于大力发展数字经济、智慧交通等重要指示精神，推动智慧港口和智慧航道建设发展，交通运输部近日印发 ...
这些关于数字人民币的谣言可别信！-新华网,http://www.xinhuanet.com/fortune/20250411/0ff858da50274b8da9942554381a7d8f/c.html,"Apr 11, 2025 ... 近期，多个互联网平台出现“上海即将成立数字人民币银行”“招募数字人民币推广员”等消息。记者4月11日向中国人民银行数字货币研究所核实，这些关于数字 ..."
关于住房公积金业务增加数字人民币结算方式的通知,http://dggjj.dg.gov.cn/bmfw/gjjnrx/content/post_4172799.html,"Nov 7, 2023 ... 各有关单位、缴存人：. 为贯彻住房和城乡建设部《关于加快住房公积金数字化发展的指导意见》精神，推进数字人民币在住房公积金场景的应用，即日起，我市 ..."
